{"_type":"export","__export_format":4,"__export_date":"2025-03-11T14:11:58.266Z","__export_source":"insomnia.desktop.app:v10.3.1","resources":[{"_id":"req_d4acb37055a84539a48bcb8da63082ff","parentId":"fld_e8432dc358ae4f80a6626ce5414cecf8","modified":1741103703221,"created":1741102937216,"url":"http://localhost:3000/api/users/1/books","name":"/api/users/1/books","description":"","method":"GET","body":{},"parameters":[],"headers":[{"name":"User-Agent","value":"insomnia/10.3.1"}],"authentication":{},"metaSortKey":-1741102937216,"isPrivate":false,"pathParameters":[],"settingStoreCookies":true,"settingSendCookies":true,"settingDisableRenderRequestBody":false,"settingEncodeUrl":true,"settingRebuildPath":true,"settingFollowRedirects":"global","_type":"request"},{"_id":"fld_e8432dc358ae4f80a6626ce5414cecf8","parentId":"wrk_f4f3d5a5a7704057bbcfc11aec103af8","modified":1741092099668,"created":1741092099668,"name":"SSS-passionLecture-routes-imbrique","description":"","environment":{},"environmentPropertyOrder":null,"metaSortKey":-1741092099668,"environmentType":"kv","_type":"request_group"},{"_id":"wrk_f4f3d5a5a7704057bbcfc11aec103af8","parentId":null,"modified":1741702308497,"created":1741697776202,"name":"routes-completes","description":"","scope":"collection","_type":"workspace"},{"_id":"req_d3dbc551b9144122bf061092da34e4c4","parentId":"fld_e8432dc358ae4f80a6626ce5414cecf8","modified":1741103698053,"created":1741102472596,"url":"http://localhost:3000/api/categories/1/books","name":"/api/categories/1/books","description":"","method":"GET","body":{},"parameters":[],"headers":[{"name":"User-Agent","value":"insomnia/10.3.1"}],"authentication":{},"metaSortKey":-1741102472596,"isPrivate":false,"pathParameters":[],"settingStoreCookies":true,"settingSendCookies":true,"settingDisableRenderRequestBody":false,"settingEncodeUrl":true,"settingRebuildPath":true,"settingFollowRedirects":"global","_type":"request"},{"_id":"req_f43773f3485f4f1796f78450c472647d","parentId":"fld_e8432dc358ae4f80a6626ce5414cecf8","modified":1741102396977,"created":1741102350104,"url":"http://localhost:3000/api/authors/1/books","name":"/api/authors/id/books","description":"","method":"GET","body":{},"parameters":[],"headers":[{"name":"User-Agent","value":"insomnia/10.3.1"}],"authentication":{},"metaSortKey":-1741102350104,"isPrivate":false,"pathParameters":[],"settingStoreCookies":true,"settingSendCookies":true,"settingDisableRenderRequestBody":false,"settingEncodeUrl":true,"settingRebuildPath":true,"settingFollowRedirects":"global","_type":"request"},{"_id":"req_189739aaaca343b08df0971f67c3d2b2","parentId":"fld_e8432dc358ae4f80a6626ce5414cecf8","modified":1741102421002,"created":1741092155764,"url":"localhost:3000/api/books/1/notes","name":"/api/books/id/notes","description":"","method":"POST","body":{"mimeType":"application/json","text":"{\n\t\"user_fk\": 1,\n\t\"note\": 9\n}"},"parameters":[],"headers":[{"name":"Content-Type","value":"application/json"},{"name":"User-Agent","value":"insomnia/10.3.1"}],"authentication":{},"metaSortKey":-1741092155764,"isPrivate":false,"pathParameters":[],"settingStoreCookies":true,"settingSendCookies":true,"settingDisableRenderRequestBody":false,"settingEncodeUrl":true,"settingRebuildPath":true,"settingFollowRedirects":"global","_type":"request"},{"_id":"req_65b9ed004bca48b4aef09605d5440d3c","parentId":"fld_e8432dc358ae4f80a6626ce5414cecf8","modified":1741102425661,"created":1741092154434,"url":"localhost:3000/api/books/1/comments","name":"/api/books/id/comments","description":"","method":"POST","body":{"mimeType":"application/json","text":"{\n\t\"user_fk\": 1,\n\t\"contenu\": \"Ce livre est bien. I love ETML\"\n}"},"parameters":[],"headers":[{"name":"Content-Type","value":"application/json"},{"name":"User-Agent","value":"insomnia/10.3.1"}],"authentication":{},"metaSortKey":-1741092154434,"isPrivate":false,"pathParameters":[],"settingStoreCookies":true,"settingSendCookies":true,"settingDisableRenderRequestBody":false,"settingEncodeUrl":true,"settingRebuildPath":true,"settingFollowRedirects":"global","_type":"request"},{"_id":"req_92656b2394d84ea4bf3fab0c323e60a7","parentId":"fld_e8432dc358ae4f80a6626ce5414cecf8","modified":1741102429755,"created":1741092152040,"url":"localhost:3000/api/books/1/notes","name":"/api/books/id/notes","description":"","method":"GET","body":{},"parameters":[],"headers":[{"name":"User-Agent","value":"insomnia/10.3.1"}],"authentication":{},"metaSortKey":-1741092152040,"isPrivate":false,"pathParameters":[],"settingStoreCookies":true,"settingSendCookies":true,"settingDisableRenderRequestBody":false,"settingEncodeUrl":true,"settingRebuildPath":true,"settingFollowRedirects":"global","_type":"request"},{"_id":"req_35fb9669ab324f18a66f8532bae653c2","parentId":"fld_e8432dc358ae4f80a6626ce5414cecf8","modified":1741102433183,"created":1741092102679,"url":"localhost:3000/api/books/1/comments","name":"/api/books/id/comments","description":"","method":"GET","body":{},"parameters":[],"headers":[{"name":"User-Agent","value":"insomnia/10.3.1"}],"authentication":{},"metaSortKey":-1741092102679,"isPrivate":false,"pathParameters":[],"settingStoreCookies":true,"settingSendCookies":true,"settingDisableRenderRequestBody":false,"settingEncodeUrl":true,"settingRebuildPath":true,"settingFollowRedirects":"global","_type":"request"},{"_id":"req_492385c3d06c470389c07be76e4c86b1","parentId":"fld_6a98e27715634543afcff4f2a4c83245","modified":1741700608607,"created":1741700504091,"url":"http://localhost:3000/api/authors?prenom=J.K.","name":"/api/authors{parametres de recherche}","description":"","method":"GET","body":{},"parameters":[],"headers":[{"name":"User-Agent","value":"insomnia/10.3.1"}],"authentication":{},"metaSortKey":-1741700504091,"isPrivate":false,"pathParameters":[],"settingStoreCookies":true,"settingSendCookies":true,"settingDisableRenderRequestBody":false,"settingEncodeUrl":true,"settingRebuildPath":true,"settingFollowRedirects":"global","_type":"request"},{"_id":"fld_6a98e27715634543afcff4f2a4c83245","parentId":"wrk_f4f3d5a5a7704057bbcfc11aec103af8","modified":1741092035055,"created":1741092025201,"name":"SSS-passionLecture","description":"","environment":{},"environmentPropertyOrder":null,"metaSortKey":-1741092025201,"environmentType":"kv","_type":"request_group"},{"_id":"req_fc896e61d29042298d4bf09a5bbf8b4a","parentId":"fld_6a98e27715634543afcff4f2a4c83245","modified":1741700673067,"created":1741700468751,"url":"http://localhost:3000/api/authors/1","name":"/api/authors/id","description":"","method":"GET","body":{},"parameters":[],"headers":[{"name":"User-Agent","value":"insomnia/10.3.1"}],"authentication":{},"metaSortKey":-1741700468751,"isPrivate":false,"pathParameters":[],"settingStoreCookies":true,"settingSendCookies":true,"settingDisableRenderRequestBody":false,"settingEncodeUrl":true,"settingRebuildPath":true,"settingFollowRedirects":"global","_type":"request"},{"_id":"req_9e1046f523d14f40a498f75003c6b578","parentId":"fld_6a98e27715634543afcff4f2a4c83245","modified":1741700463222,"created":1741699827770,"url":"http://localhost:3000/api/authors","name":"/api/authors","description":"","method":"GET","body":{},"parameters":[],"headers":[{"name":"User-Agent","value":"insomnia/10.3.1"}],"authentication":{},"metaSortKey":-1741699827770,"isPrivate":false,"pathParameters":[],"settingStoreCookies":true,"settingSendCookies":true,"settingDisableRenderRequestBody":false,"settingEncodeUrl":true,"settingRebuildPath":true,"settingFollowRedirects":"global","_type":"request"},{"_id":"req_037fa90d1dd64594b668b7c6cb143297","parentId":"fld_6a98e27715634543afcff4f2a4c83245","modified":1741103363269,"created":1741103080293,"url":"http://localhost:3000/api/books/1","name":"/api/books/id","description":"","method":"PUT","body":{"mimeType":"application/json","text":"{\n\t\"titre\": \"TEST\",\n\t\"nbPages\": 666,\n\t\"resume\": \"resume du livre\",\n\t\"anneeEdition\": 2026,\n\t\"editeur_fk\": 2,\n\t\"categorie_fk\": 5,\n\t\"auteur_fk\": 2,\n\t\"user_fk\": 1\n}"},"parameters":[],"headers":[{"name":"Content-Type","value":"application/json"},{"name":"User-Agent","value":"insomnia/10.3.1"}],"authentication":{},"metaSortKey":-1741103080293,"isPrivate":false,"pathParameters":[],"settingStoreCookies":true,"settingSendCookies":true,"settingDisableRenderRequestBody":false,"settingEncodeUrl":true,"settingRebuildPath":true,"settingFollowRedirects":"global","_type":"request"},{"_id":"req_cfd34122d03b4deba6f31ec56aa27013","parentId":"fld_6a98e27715634543afcff4f2a4c83245","modified":1741702042632,"created":1741701979172,"url":"http://localhost:3000/api/books?titre=Harry","name":"/api/books{parametres de recherche}","description":"","method":"GET","body":{},"parameters":[],"headers":[{"name":"User-Agent","value":"insomnia/10.3.1"}],"authentication":{},"metaSortKey":-1741103042648,"isPrivate":false,"pathParameters":[],"settingStoreCookies":true,"settingSendCookies":true,"settingDisableRenderRequestBody":false,"settingEncodeUrl":true,"settingRebuildPath":true,"settingFollowRedirects":"global","_type":"request"},{"_id":"req_8fe5e4b84ac14c88a7b707e2cc7535b4","parentId":"fld_6a98e27715634543afcff4f2a4c83245","modified":1741103032758,"created":1741103005003,"url":"http://localhost:3000/api/books","name":"/api/books","description":"","method":"GET","body":{},"parameters":[],"headers":[{"name":"User-Agent","value":"insomnia/10.3.1"}],"authentication":{},"metaSortKey":-1741103005003,"isPrivate":false,"pathParameters":[],"settingStoreCookies":true,"settingSendCookies":true,"settingDisableRenderRequestBody":false,"settingEncodeUrl":true,"settingRebuildPath":true,"settingFollowRedirects":"global","_type":"request"},{"_id":"req_d13341462c1d414d86d17eca56b27fcc","parentId":"fld_6a98e27715634543afcff4f2a4c83245","modified":1741103050938,"created":1741103046498,"url":"http://localhost:3000/api/books/1","name":"/api/books/id","description":"","method":"GET","body":{},"parameters":[],"headers":[{"name":"User-Agent","value":"insomnia/10.3.1"}],"authentication":{},"metaSortKey":-1741102971109.5,"isPrivate":false,"pathParameters":[],"settingStoreCookies":true,"settingSendCookies":true,"settingDisableRenderRequestBody":false,"settingEncodeUrl":true,"settingRebuildPath":true,"settingFollowRedirects":"global","_type":"request"},{"_id":"req_9814df6fabe24fdb9f6c3f575376addd","parentId":"fld_6a98e27715634543afcff4f2a4c83245","modified":1741103492945,"created":1741102698874,"url":"http://localhost:3000/api/register","name":"/api/register","description":"","method":"POST","body":{"mimeType":"application/json","text":"{\n\t\"pseudo\": \"ETMLLLLLL\",\n\t\"password\": \"iloveetml\"\n}"},"parameters":[],"headers":[{"name":"Content-Type","value":"application/json"},{"name":"User-Agent","value":"insomnia/10.3.1"}],"authentication":{},"metaSortKey":-1741102698874,"isPrivate":false,"pathParameters":[],"settingStoreCookies":true,"settingSendCookies":true,"settingDisableRenderRequestBody":false,"settingEncodeUrl":true,"settingRebuildPath":true,"settingFollowRedirects":"global","_type":"request"},{"_id":"req_c59d45c0c8bb496cb6ca65254962fe56","parentId":"fld_6a98e27715634543afcff4f2a4c83245","modified":1741102690914,"created":1741102600641,"url":"http://localhost:3000/api/login","name":"/api/login","description":"","method":"POST","body":{"mimeType":"application/json","text":"{\n\t\"pseudo\": \"UserAlpha\",\n\t\"password\": \"password2\"\n}"},"parameters":[],"headers":[{"name":"Content-Type","value":"application/json"},{"name":"User-Agent","value":"insomnia/10.3.1"}],"authentication":{},"metaSortKey":-1741102600641,"isPrivate":false,"pathParameters":[],"settingStoreCookies":true,"settingSendCookies":true,"settingDisableRenderRequestBody":false,"settingEncodeUrl":true,"settingRebuildPath":true,"settingFollowRedirects":"global","_type":"request"},{"_id":"req_9176a53900324eee9ffc246e30f39808","parentId":"fld_6a98e27715634543afcff4f2a4c83245","modified":1741701951710,"created":1741700627075,"url":"http://localhost:3000/api/categories?nom=P","name":"/api/categories{parametres de recherche}","description":"","method":"GET","body":{},"parameters":[],"headers":[{"name":"User-Agent","value":"insomnia/10.3.1"}],"authentication":{},"metaSortKey":-1741097325683.5,"isPrivate":false,"pathParameters":[],"settingStoreCookies":true,"settingSendCookies":true,"settingDisableRenderRequestBody":false,"settingEncodeUrl":true,"settingRebuildPath":true,"settingFollowRedirects":"global","_type":"request"},{"_id":"req_df73ee93230446f7b9f9c08649d52f90","parentId":"fld_6a98e27715634543afcff4f2a4c83245","modified":1741102571709,"created":1741102513030,"url":"http://localhost:3000/api/categories/1","name":"/api/categories/1","description":"","method":"GET","body":{},"parameters":[],"headers":[{"name":"User-Agent","value":"insomnia/10.3.1"}],"authentication":{},"metaSortKey":-1741092050726,"isPrivate":false,"pathParameters":[],"settingStoreCookies":true,"settingSendCookies":true,"settingDisableRenderRequestBody":false,"settingEncodeUrl":true,"settingRebuildPath":true,"settingFollowRedirects":"global","_type":"request"},{"_id":"req_580db1b82d044a77a10151e8725d2bc8","parentId":"fld_6a98e27715634543afcff4f2a4c83245","modified":1741102568208,"created":1741102537293,"url":"http://localhost:3000/api/categories","name":"/api/categories","description":"","method":"GET","body":{},"parameters":[],"headers":[{"name":"User-Agent","value":"insomnia/10.3.1"}],"authentication":{},"metaSortKey":-1741092050626,"isPrivate":false,"pathParameters":[],"settingStoreCookies":true,"settingSendCookies":true,"settingDisableRenderRequestBody":false,"settingEncodeUrl":true,"settingRebuildPath":true,"settingFollowRedirects":"global","_type":"request"},{"_id":"req_a0ecfc2dcf684a479ea2305d2bfbfa20","parentId":"fld_6a98e27715634543afcff4f2a4c83245","modified":1741104810688,"created":1740556289573,"url":"localhost:3000/api/books/7","name":"/api/books/id","description":"","method":"DELETE","body":{},"parameters":[],"headers":[{"name":"User-Agent","value":"insomnia/10.3.1"}],"authentication":{},"metaSortKey":-1741092050526,"isPrivate":false,"pathParameters":[],"settingStoreCookies":true,"settingSendCookies":true,"settingDisableRenderRequestBody":false,"settingEncodeUrl":true,"settingRebuildPath":true,"settingFollowRedirects":"global","_type":"request"},{"_id":"req_d4b2449162b847768828729a72d366f3","parentId":"fld_6a98e27715634543afcff4f2a4c83245","modified":1741103692396,"created":1739529375650,"url":"localhost:3000/api/books","name":"/api/books","description":"","method":"POST","body":{"mimeType":"application/json","text":"{\n\t\"titre\": \"TEST\",\n\t\"nbPages\": 666,\n\t\"resume\": \"resume du livre\",\n\t\"anneeEdition\": 2026,\n\t\"editeur_fk\": 2,\n\t\"categorie_fk\": 5,\n\t\"auteur_fk\": 2,\n\t\"user_fk\": 1\n}"},"parameters":[],"headers":[{"name":"Content-Type","value":"application/json"},{"name":"User-Agent","value":"insomnia/10.3.1","id":"pair_55add2107a464fd596fd097077f6d2c4"},{"id":"pair_71cebfe6e9034745b45bdea3b3f4c6c6","name":"authorization","value":"eyJhbGciOiJIUzI1NiIsInR5cCI6IkpXVCJ9.eyJ1c2VybmFtZSI6ImV0bWwiLCJpYXQiOjE3Mzk1Mjk0OTUsImV4cCI6MTc3MTA4NzA5NX0.UwsqgMQbLxknjtiJ6pf5eKBWGof3RXjKDlXgCx5oB_Y","description":"","disabled":false}],"authentication":{},"metaSortKey":-1741092050501,"isPrivate":false,"pathParameters":[],"settingStoreCookies":true,"settingSendCookies":true,"settingDisableRenderRequestBody":false,"settingEncodeUrl":true,"settingRebuildPath":true,"settingFollowRedirects":"global","_type":"request"},{"_id":"env_6e81ef557ea585da2039865db4ab1fda6198c5da","parentId":"wrk_f4f3d5a5a7704057bbcfc11aec103af8","modified":1741697776204,"created":1741697776204,"name":"Base Environment","data":{},"dataPropertyOrder":null,"color":null,"isPrivate":false,"metaSortKey":1741697776204,"environmentType":"kv","_type":"environment"},{"_id":"jar_6e81ef557ea585da2039865db4ab1fda6198c5da","parentId":"wrk_f4f3d5a5a7704057bbcfc11aec103af8","modified":1741697776206,"created":1741697776206,"name":"Default Jar","cookies":[],"_type":"cookie_jar"}]}